BAM,SAM,k=4,k=8,k=16,k=32,k=64,k=128,k=256,k=512,k=1024,k=2048,k=half,k=log,k=sqrt,data_size
0.00335068,0.00650109,0.00567732,0.0057293,0.00590811,0.0061132,0.00563628,0.00568973,0.00596743,0.00589266,0.00630649,0.00564141,0.0208033,0.0184503,0.019553,2
0.00345305,0.00567356,0.00563101,0.00593556,0.00563344,0.00580881,0.00574124,0.00618791,0.00575031,0.00602392,0.0057953,0.00596939,0.018909,0.0185635,0.0240095,2
0.00344763,0.00592555,0.00589822,